Nr,Navn,Antal,Pr. 1 000,År,køn
1,Frida,425,15,2023,Pige
2,Luna,412,15,2023,Pige
3,Ella,410,15,2023,Pige
4,Alma,409,15,2023,Pige
5,Emma,402,15,2023,Pige
6,Sofia,397,14,2023,Pige
7,Olivia,395,14,2023,Pige
8,Agnes,392,14,2023,Pige
9,Ida,391,14,2023,Pige
10,Karla,381,14,2023,Pige
11,Ellie,380,14,2023,Pige
12,Clara,379,14,2023,Pige
13,Freja,343,12,2023,Pige
14,Nora,331,12,2023,Pige
15,Lily,326,12,2023,Pige
16,Alberte,316,11,2023,Pige
17,Esther,316,11,2023,Pige
18,Asta,296,11,2023,Pige
19,Ellen,284,10,2023,Pige
20,Anna,282,10,2023,Pige
21,Aya,246,9,2023,Pige
22,Isabella,228,8,2023,Pige
23,Lærke,213,8,2023,Pige
24,Astrid,212,8,2023,Pige
25,Saga,210,8,2023,Pige
26,Hannah,209,8,2023,Pige
27,Mathilde,207,7,2023,Pige
28,Josefine,205,7,2023,Pige
29,Laura,203,7,2023,Pige
30,Vilma,200,7,2023,Pige
31,Emily,197,7,2023,Pige
32,Liva,197,7,2023,Pige
33,Maja,196,7,2023,Pige
34,Vera,187,7,2023,Pige
35,Marie,181,7,2023,Pige
36,Leonora,178,6,2023,Pige
37,Mille,178,6,2023,Pige
38,Andrea,173,6,2023,Pige
39,Solveig,166,6,2023,Pige
40,Molly,164,6,2023,Pige
41,Victoria,163,6,2023,Pige
42,Merle,149,5,2023,Pige
43,Lea,148,5,2023,Pige
44,Liv,146,5,2023,Pige
45,Eva,140,5,2023,Pige
46,Ingrid,140,5,2023,Pige
47,Elina,137,5,2023,Pige
48,Rosa,137,5,2023,Pige
49,Gry,130,5,2023,Pige
50,Sofie,125,5,2023,Pige
1,Ella,442,16,2022,Pige
2,Freja,413,15,2022,Pige
3,Alma,409,15,2022,Pige
4,Frida,403,14,2022,Pige
5,Agnes,389,14,2022,Pige
6,Luna,383,14,2022,Pige
7,Ida,381,14,2022,Pige
8,Nora,378,13,2022,Pige
9,Olivia,377,13,2022,Pige
10,Sofia,376,13,2022,Pige
11,Emma,375,13,2022,Pige
12,Clara,361,13,2022,Pige
13,Asta,358,13,2022,Pige
14,Alberte,337,12,2022,Pige
15,Karla,337,12,2022,Pige
16,Lily,321,11,2022,Pige
17,Ellie,320,11,2022,Pige
18,Anna,315,11,2022,Pige
19,Ellen,303,11,2022,Pige
20,Esther,292,10,2022,Pige
21,Astrid,238,8,2022,Pige
22,Isabella,235,8,2022,Pige
23,Lærke,234,8,2022,Pige
24,Josefine,231,8,2022,Pige
25,Laura,226,8,2022,Pige
26,Mathilde,220,8,2022,Pige
27,Emily,215,8,2022,Pige
28,Mille,215,8,2022,Pige
29,Merle,207,7,2022,Pige
30,Saga,201,7,2022,Pige
31,Victoria,199,7,2022,Pige
32,Aya,197,7,2022,Pige
33,Maja,197,7,2022,Pige
34,Marie,192,7,2022,Pige
35,Vera,191,7,2022,Pige
36,Leonora,181,6,2022,Pige
37,Hannah,179,6,2022,Pige
38,Vilma,176,6,2022,Pige
39,Andrea,165,6,2022,Pige
40,Liva,160,6,2022,Pige
41,Liv,159,6,2022,Pige
42,Elina,158,6,2022,Pige
43,Lea,156,6,2022,Pige
44,Molly,156,6,2022,Pige
45,Gry,153,5,2022,Pige
46,Eva,151,5,2022,Pige
47,Johanne,149,5,2022,Pige
48,Ingrid,146,5,2022,Pige
49,Rosa,146,5,2022,Pige
50,Emilie,137,5,2022,Pige
1,Alma,482,16,2021,Pige
2,Ida,474,15,2021,Pige
3,Clara,437,14,2021,Pige
4,Ella,436,14,2021,Pige
5,Olivia,428,14,2021,Pige
6,Freja,425,14,2021,Pige
7,Emma,420,14,2021,Pige
8,Luna,411,13,2021,Pige
9,Agnes,410,13,2021,Pige
10,Nora,398,13,2021,Pige
11,Karla,393,13,2021,Pige
12,Sofia,393,13,2021,Pige
13,Anna,387,13,2021,Pige
14,Ellie,370,12,2021,Pige
15,Asta,356,12,2021,Pige
16,Lily,356,12,2021,Pige
17,Alberte,353,12,2021,Pige
18,Frida,313,10,2021,Pige
19,Josefine,306,10,2021,Pige
20,Laura,299,10,2021,Pige
21,Esther,297,10,2021,Pige
22,Ellen,287,9,2021,Pige
23,Astrid,267,9,2021,Pige
24,Isabella,259,8,2021,Pige
25,Saga,245,8,2021,Pige
26,Aya,242,8,2021,Pige
27,Lærke,237,8,2021,Pige
28,Marie,223,7,2021,Pige
29,Liva,220,7,2021,Pige
30,Hannah,219,7,2021,Pige
31,Mathilde,214,7,2021,Pige
32,Maja,213,7,2021,Pige
33,Vilma,213,7,2021,Pige
34,Merle,209,7,2021,Pige
35,Victoria,205,7,2021,Pige
36,Mille,199,6,2021,Pige
37,Liv,190,6,2021,Pige
38,Emily,189,6,2021,Pige
39,Sofie,183,6,2021,Pige
40,Leonora,178,6,2021,Pige
41,Molly,178,6,2021,Pige
42,Lea,176,6,2021,Pige
43,Andrea,175,6,2021,Pige
44,Gry,172,6,2021,Pige
45,Emilie,167,5,2021,Pige
46,Vera,161,5,2021,Pige
47,Rosa,156,5,2021,Pige
48,Alva,153,5,2021,Pige
49,Elina,148,5,2021,Pige
50,Johanne,147,5,2021,Pige
1,Alma,514,17,2020,Pige
2,Agnes,456,15,2020,Pige
3,Ella,448,15,2020,Pige
4,Freja,439,15,2020,Pige
5,Clara,432,15,2020,Pige
6,Emma,432,15,2020,Pige
7,Sofia,423,14,2020,Pige
8,Karla,398,13,2020,Pige
9,Anna,375,13,2020,Pige
10,Ellie,363,12,2020,Pige
11,Olivia,363,12,2020,Pige
12,Alberte,359,12,2020,Pige
13,Nora,359,12,2020,Pige
14,Asta,357,12,2020,Pige
15,Laura,347,12,2020,Pige
16,Josefine,345,12,2020,Pige
17,Ida,341,12,2020,Pige
18,Luna,339,11,2020,Pige
19,Frida,331,11,2020,Pige
20,Lily,314,11,2020,Pige
21,Ellen,300,10,2020,Pige
22,Mathilde,286,10,2020,Pige
23,Astrid,270,9,2020,Pige
24,Isabella,255,9,2020,Pige
25,Aya,231,8,2020,Pige
26,Esther,227,8,2020,Pige
27,Lærke,219,7,2020,Pige
28,Maja,219,7,2020,Pige
29,Emily,217,7,2020,Pige
30,Andrea,216,7,2020,Pige
31,Victoria,209,7,2020,Pige
32,Liva,208,7,2020,Pige
33,Marie,204,7,2020,Pige
34,Vilma,197,7,2020,Pige
35,Saga,191,6,2020,Pige
36,Mille,188,6,2020,Pige
37,Sofie,185,6,2020,Pige
38,Emilie,183,6,2020,Pige
39,Leonora,174,6,2020,Pige
40,Rosa,172,6,2020,Pige
41,Liv,171,6,2020,Pige
42,Merle,171,6,2020,Pige
43,Hannah,162,5,2020,Pige
44,Lea,161,5,2020,Pige
45,Molly,160,5,2020,Pige
46,Alba,156,5,2020,Pige
47,Sara,153,5,2020,Pige
48,Gry,149,5,2020,Pige
49,Alva,146,5,2020,Pige
50,Johanne,145,5,2020,Pige
1,Emma,486,16,2019,Pige
2,Alma,453,15,2019,Pige
3,Clara,438,15,2019,Pige
4,Freja,438,15,2019,Pige
5,Sofia,434,15,2019,Pige
6,Karla,403,14,2019,Pige
7,Agnes,399,14,2019,Pige
8,Ella,386,13,2019,Pige
9,Olivia,378,13,2019,Pige
10,Anna,373,13,2019,Pige
11,Nora,370,13,2019,Pige
12,Alberte,350,12,2019,Pige
13,Ida,347,12,2019,Pige
14,Luna,342,12,2019,Pige
15,Josefine,329,11,2019,Pige
16,Asta,326,11,2019,Pige
17,Ellie,321,11,2019,Pige
18,Laura,312,11,2019,Pige
19,Isabella,310,11,2019,Pige
20,Lily,307,10,2019,Pige
21,Frida,287,10,2019,Pige
22,Aya,286,10,2019,Pige
23,Astrid,278,9,2019,Pige
24,Ellen,269,9,2019,Pige
25,Mathilde,268,9,2019,Pige
26,Lærke,264,9,2019,Pige
27,Maja,250,8,2019,Pige
28,Esther,238,8,2019,Pige
29,Liva,233,8,2019,Pige
30,Sofie,230,8,2019,Pige
31,Marie,226,8,2019,Pige
32,Mille,214,7,2019,Pige
33,Victoria,213,7,2019,Pige
34,Emily,212,7,2019,Pige
35,Saga,194,7,2019,Pige
36,Andrea,193,7,2019,Pige
37,Molly,189,6,2019,Pige
38,Liv,181,6,2019,Pige
39,Emilie,179,6,2019,Pige
40,Vilma,173,6,2019,Pige
41,Alba,171,6,2019,Pige
42,Lea,166,6,2019,Pige
43,Leonora,162,5,2019,Pige
44,Merle,158,5,2019,Pige
45,Mynte,157,5,2019,Pige
46,Rosa,157,5,2019,Pige
47,Sara,152,5,2019,Pige
48,Eva,146,5,2019,Pige
49,Hannah,146,5,2019,Pige
50,Gry,145,5,2019,Pige
1,Emma,486,16,2018,Pige
2,Alma,453,15,2018,Pige
3,Clara,438,15,2018,Pige
4,Freja,438,15,2018,Pige
5,Sofia,434,15,2018,Pige
6,Karla,403,14,2018,Pige
7,Agnes,399,14,2018,Pige
8,Ella,386,13,2018,Pige
9,Olivia,378,13,2018,Pige
10,Anna,373,13,2018,Pige
11,Nora,370,13,2018,Pige
12,Alberte,350,12,2018,Pige
13,Ida,347,12,2018,Pige
14,Luna,342,12,2018,Pige
15,Josefine,329,11,2018,Pige
16,Asta,326,11,2018,Pige
17,Ellie,321,11,2018,Pige
18,Laura,312,11,2018,Pige
19,Isabella,310,11,2018,Pige
20,Lily,307,10,2018,Pige
21,Frida,287,10,2018,Pige
22,Aya,286,10,2018,Pige
23,Astrid,278,9,2018,Pige
24,Ellen,269,9,2018,Pige
25,Mathilde,268,9,2018,Pige
26,Lærke,264,9,2018,Pige
27,Maja,250,8,2018,Pige
28,Esther,238,8,2018,Pige
29,Liva,233,8,2018,Pige
30,Sofie,230,8,2018,Pige
31,Marie,226,8,2018,Pige
32,Mille,214,7,2018,Pige
33,Victoria,213,7,2018,Pige
34,Emily,212,7,2018,Pige
35,Saga,194,7,2018,Pige
36,Andrea,193,7,2018,Pige
37,Molly,189,6,2018,Pige
38,Liv,181,6,2018,Pige
39,Emilie,179,6,2018,Pige
40,Vilma,173,6,2018,Pige
41,Alba,171,6,2018,Pige
42,Lea,166,6,2018,Pige
43,Leonora,162,5,2018,Pige
44,Merle,158,5,2018,Pige
45,Mynte,157,5,2018,Pige
46,Rosa,157,5,2018,Pige
47,Sara,152,5,2018,Pige
48,Eva,146,5,2018,Pige
49,Hannah,146,5,2018,Pige
50,Gry,145,5,2018,Pige
1,Ida,456,15,2017,Pige
2,Emma,453,15,2017,Pige
3,Alma,437,15,2017,Pige
4,Ella,437,15,2017,Pige
5,Sofia,423,14,2017,Pige
6,Freja,417,14,2017,Pige
7,Josefine,411,14,2017,Pige
8,Clara,395,13,2017,Pige
9,Anna,377,13,2017,Pige
10,Karla,357,12,2017,Pige
11,Laura,352,12,2017,Pige
12,Alberte,351,12,2017,Pige
13,Olivia,346,12,2017,Pige
14,Agnes,343,12,2017,Pige
15,Nora,341,11,2017,Pige
16,Lærke,296,10,2017,Pige
17,Luna,294,10,2017,Pige
18,Isabella,292,10,2017,Pige
19,Frida,290,10,2017,Pige
20,Lily,290,10,2017,Pige
21,Victoria,284,10,2017,Pige
22,Aya,282,10,2017,Pige
23,Ellen,271,9,2017,Pige
24,Ellie,265,9,2017,Pige
25,Maja,260,9,2017,Pige
26,Mathilde,254,9,2017,Pige
27,Esther,231,8,2017,Pige
28,Mille,229,8,2017,Pige
29,Sofie,229,8,2017,Pige
30,Emily,222,7,2017,Pige
31,Astrid,221,7,2017,Pige
32,Liva,209,7,2017,Pige
33,Marie,206,7,2017,Pige
34,Caroline,198,7,2017,Pige
35,Rosa,188,6,2017,Pige
36,Emilie,185,6,2017,Pige
37,Sara,184,6,2017,Pige
38,Saga,182,6,2017,Pige
39,Liv,176,6,2017,Pige
40,Andrea,175,6,2017,Pige
41,Alba,171,6,2017,Pige
42,Asta,168,6,2017,Pige
43,Hannah,166,6,2017,Pige
44,Naja,156,5,2017,Pige
45,Vilma,153,5,2017,Pige
46,Johanne,150,5,2017,Pige
47,Lea,149,5,2017,Pige
48,Vigga,147,5,2017,Pige
49,Gry,146,5,2017,Pige
50,Eva,144,5,2017,Pige
1,Sofia,480,16,2016,Pige
2,Alma,447,15,2016,Pige
3,Emma,439,15,2016,Pige
4,Ella,438,15,2016,Pige
5,Ida,428,14,2016,Pige
6,Freja,427,14,2016,Pige
7,Clara,426,14,2016,Pige
8,Anna,402,14,2016,Pige
9,Laura,396,13,2016,Pige
10,Alberte,386,13,2016,Pige
11,Josefine,378,13,2016,Pige
12,Agnes,365,12,2016,Pige
13,Isabella,333,11,2016,Pige
14,Karla,327,11,2016,Pige
15,Lærke,316,11,2016,Pige
16,Olivia,308,10,2016,Pige
17,Victoria,308,10,2016,Pige
18,Sofie,287,10,2016,Pige
19,Maja,285,10,2016,Pige
20,Mathilde,279,9,2016,Pige
21,Caroline,270,9,2016,Pige
22,Emilie,268,9,2016,Pige
23,Liva,266,9,2016,Pige
24,Esther,265,9,2016,Pige
25,Ellen,255,9,2016,Pige
26,Emily,248,8,2016,Pige
27,Aya,246,8,2016,Pige
28,Nora,239,8,2016,Pige
29,Lily,238,8,2016,Pige
30,Mille,234,8,2016,Pige
31,Sara,231,8,2016,Pige
32,Frida,223,8,2016,Pige
33,Luna,212,7,2016,Pige
34,Marie,210,7,2016,Pige
35,Astrid,201,7,2016,Pige
36,Asta,188,6,2016,Pige
37,Liv,188,6,2016,Pige
38,Vigga,187,6,2016,Pige
39,Rosa,179,6,2016,Pige
40,Naja,177,6,2016,Pige
41,Saga,170,6,2016,Pige
42,Andrea,159,5,2016,Pige
43,Ellie,155,5,2016,Pige
44,Filippa,153,5,2016,Pige
45,Nanna,151,5,2016,Pige
46,Tilde,147,5,2016,Pige
47,Signe,146,5,2016,Pige
48,Johanne,141,5,2016,Pige
49,Augusta,140,5,2016,Pige
50,Lea,140,5,2016,Pige
1,Sofia,555,19,2015,Pige
2,Freja,459,16,2015,Pige
3,Ella,449,15,2015,Pige
4,Alma,445,15,2015,Pige
5,Anna,419,14,2015,Pige
6,Emma,415,14,2015,Pige
7,Laura,412,14,2015,Pige
8,Clara,398,14,2015,Pige
9,Ida,390,13,2015,Pige
10,Isabella,388,13,2015,Pige
11,Karla,353,12,2015,Pige
12,Maja,333,11,2015,Pige
13,Victoria,333,11,2015,Pige
14,Alberte,328,11,2015,Pige
15,Josefine,328,11,2015,Pige
16,Sofie,320,11,2015,Pige
17,Agnes,317,11,2015,Pige
18,Liva,306,11,2015,Pige
19,Olivia,301,10,2015,Pige
20,Caroline,294,10,2015,Pige
21,Mathilde,294,10,2015,Pige
22,Lærke,282,10,2015,Pige
23,Emilie,278,10,2015,Pige
24,Frida,235,8,2015,Pige
25,Sara,235,8,2015,Pige
26,Lily,220,8,2015,Pige
27,Esther,215,7,2015,Pige
28,Emily,214,7,2015,Pige
29,Mille,209,7,2015,Pige
30,Marie,205,7,2015,Pige
31,Astrid,204,7,2015,Pige
32,Ellen,204,7,2015,Pige
33,Nora,203,7,2015,Pige
34,Rosa,191,7,2015,Pige
35,Aya,188,6,2015,Pige
36,Naya,186,6,2015,Pige
37,Asta,183,6,2015,Pige
38,Luna,179,6,2015,Pige
39,Vigga,175,6,2015,Pige
40,Lea,173,6,2015,Pige
41,Liv,168,6,2015,Pige
42,Johanne,164,6,2015,Pige
43,Filippa,163,6,2015,Pige
44,Julie,155,5,2015,Pige
45,Andrea,151,5,2015,Pige
46,Signe,149,5,2015,Pige
47,Nanna,147,5,2015,Pige
48,Silje,145,5,2015,Pige
49,Celina,133,5,2015,Pige
50,Gry,133,5,2015,Pige
1,Emma,496,18,2014,Pige
2,Sofia,462,17,2014,Pige
3,Ida,454,17,2014,Pige
4,Freja,429,16,2014,Pige
5,Clara,418,15,2014,Pige
6,Laura,407,15,2014,Pige
7,Anna,380,14,2014,Pige
8,Ella,379,14,2014,Pige
9,Isabella,374,14,2014,Pige
10,Karla,372,14,2014,Pige
11,Alma,355,13,2014,Pige
12,Josefine,348,13,2014,Pige
13,Olivia,337,12,2014,Pige
14,Alberte,331,12,2014,Pige
15,Maja,327,12,2014,Pige
16,Sofie,318,12,2014,Pige
17,Mathilde,314,11,2014,Pige
18,Agnes,293,11,2014,Pige
19,Lærke,291,11,2014,Pige
20,Caroline,278,10,2014,Pige
21,Liva,278,10,2014,Pige
22,Emily,263,10,2014,Pige
23,Sara,254,9,2014,Pige
24,Victoria,251,9,2014,Pige
25,Emilie,250,9,2014,Pige
26,Mille,248,9,2014,Pige
27,Frida,244,9,2014,Pige
28,Marie,215,8,2014,Pige
29,Ellen,194,7,2014,Pige
30,Rosa,189,7,2014,Pige
31,Lea,188,7,2014,Pige
32,Signe,183,7,2014,Pige
33,Filippa,181,7,2014,Pige
34,Julie,180,7,2014,Pige
35,Nora,175,6,2014,Pige
36,Liv,172,6,2014,Pige
37,Vigga,170,6,2014,Pige
38,Nanna,167,6,2014,Pige
39,Naja,157,6,2014,Pige
40,Alba,156,6,2014,Pige
41,Astrid,153,6,2014,Pige
42,Aya,153,6,2014,Pige
43,Asta,152,6,2014,Pige
44,Luna,152,6,2014,Pige
45,Malou,151,6,2014,Pige
46,Esther,146,5,2014,Pige
47,Celina,145,5,2014,Pige
48,Johanne,144,5,2014,Pige
49,Andrea,142,5,2014,Pige
50,Lily,142,5,2014,Pige
1,Sofia,516,19,2013,Pige
2,Ida,505,19,2013,Pige
3,Isabella,439,16,2013,Pige
4,Emma,410,15,2013,Pige
5,Freja,403,15,2013,Pige
6,Clara,398,15,2013,Pige
7,Sofie,389,14,2013,Pige
8,Anna,383,14,2013,Pige
9,Josefine,376,14,2013,Pige
10,Laura,368,14,2013,Pige
11,Caroline,365,13,2013,Pige
12,Maja,350,13,2013,Pige
13,Alma,340,13,2013,Pige
14,Ella,330,12,2013,Pige
15,Karla,328,12,2013,Pige
16,Olivia,321,12,2013,Pige
17,Lærke,317,12,2013,Pige
18,Liva,312,12,2013,Pige
19,Mathilde,312,12,2013,Pige
20,Alberte,306,11,2013,Pige
21,Victoria,301,11,2013,Pige
22,Agnes,272,10,2013,Pige
23,Emilie,268,10,2013,Pige
24,Frida,256,9,2013,Pige
25,Mille,236,9,2013,Pige
26,Filippa,220,8,2013,Pige
27,Sara,217,8,2013,Pige
28,Vigga,206,8,2013,Pige
29,Julie,200,7,2013,Pige
30,Naja,197,7,2013,Pige
31,Emily,195,7,2013,Pige
32,Marie,192,7,2013,Pige
33,Astrid,181,7,2013,Pige
34,Nanna,180,7,2013,Pige
35,Johanne,179,7,2013,Pige
36,Nicoline,177,7,2013,Pige
37,Lea,173,6,2013,Pige
38,Ellen,170,6,2013,Pige
39,Rosa,166,6,2013,Pige
40,Malou,160,6,2013,Pige
41,Andrea,157,6,2013,Pige
42,Silje,153,6,2013,Pige
43,Lily,142,5,2013,Pige
44,Thea,142,5,2013,Pige
45,Celina,141,5,2013,Pige
46,Merle,141,5,2013,Pige
47,Nora,141,5,2013,Pige
48,Luna,140,5,2013,Pige
49,Asta,136,5,2013,Pige
50,Esther,136,5,2013,Pige
1,Sofia,552,20,2012,Pige
2,Ida,529,19,2012,Pige
3,Freja,514,18,2012,Pige
4,Emma,512,18,2012,Pige
5,Isabella,429,15,2012,Pige
6,Sofie,427,15,2012,Pige
7,Maja,408,15,2012,Pige
8,Laura,407,15,2012,Pige
9,Clara,404,14,2012,Pige
10,Mathilde,396,14,2012,Pige
11,Anna,388,14,2012,Pige
12,Josefine,381,14,2012,Pige
13,Caroline,375,13,2012,Pige
14,Alberte,371,13,2012,Pige
15,Lærke,354,13,2012,Pige
16,Karla,338,12,2012,Pige
17,Alma,335,12,2012,Pige
18,Victoria,326,12,2012,Pige
19,Ella,321,11,2012,Pige
20,Liva,310,11,2012,Pige
21,Olivia,288,10,2012,Pige
22,Frida,274,10,2012,Pige
23,Mille,273,10,2012,Pige
24,Emilie,271,10,2012,Pige
25,Agnes,267,10,2012,Pige
26,Marie,242,9,2012,Pige
27,Sara,240,9,2012,Pige
28,Julie,233,8,2012,Pige
29,Nanna,212,8,2012,Pige
30,Filippa,197,7,2012,Pige
31,Naja,192,7,2012,Pige
32,Nicoline,186,7,2012,Pige
33,Signe,178,6,2012,Pige
34,Johanne,177,6,2012,Pige
35,Emily,176,6,2012,Pige
36,Merle,173,6,2012,Pige
37,Silje,173,6,2012,Pige
38,Lea,172,6,2012,Pige
39,Rosa,168,6,2012,Pige
40,Astrid,166,6,2012,Pige
41,Ellen,166,6,2012,Pige
42,Asta,163,6,2012,Pige
43,Katrine,162,6,2012,Pige
44,Silke,162,6,2012,Pige
45,Celina,161,6,2012,Pige
46,Luna,161,6,2012,Pige
47,Andrea,156,6,2012,Pige
48,Lily,153,5,2012,Pige
49,Tilde,151,5,2012,Pige
50,Esther,149,5,2012,Pige
1,Emma,598,21,2011,Pige
2,Ida,514,18,2011,Pige
3,Clara,508,18,2011,Pige
4,Laura,503,17,2011,Pige
5,Isabella,501,17,2011,Pige
6,Sofia,499,17,2011,Pige
7,Sofie,480,17,2011,Pige
8,Anna,467,16,2011,Pige
9,Mathilde,464,16,2011,Pige
10,Freja,462,16,2011,Pige
11,Caroline,445,15,2011,Pige
12,Lærke,425,15,2011,Pige
13,Maja,410,14,2011,Pige
14,Josefine,402,14,2011,Pige
15,Liva,366,13,2011,Pige
16,Alberte,362,13,2011,Pige
17,Karla,343,12,2011,Pige
18,Victoria,328,11,2011,Pige
19,Olivia,304,11,2011,Pige
20,Alma,302,11,2011,Pige
21,Mille,295,10,2011,Pige
22,Sarah,281,10,2011,Pige
23,Frida,275,10,2011,Pige
24,Julie,273,9,2011,Pige
25,Emilie,267,9,2011,Pige
26,Marie,258,9,2011,Pige
27,Ella,257,9,2011,Pige
28,Nanna,223,8,2011,Pige
29,Signe,219,8,2011,Pige
30,Agnes,216,8,2011,Pige
31,Nicoline,216,8,2011,Pige
32,Malou,210,7,2011,Pige
33,Filippa,203,7,2011,Pige
34,Johanne,199,7,2011,Pige
35,Cecilie,195,7,2011,Pige
36,Silje,192,7,2011,Pige
37,Lea,186,6,2011,Pige
38,Asta,185,6,2011,Pige
39,Astrid,182,6,2011,Pige
40,Naja,181,6,2011,Pige
41,Celina,168,6,2011,Pige
42,Tilde,166,6,2011,Pige
43,Emily,163,6,2011,Pige
44,Luna,163,6,2011,Pige
45,Ellen,160,6,2011,Pige
46,Katrine,159,6,2011,Pige
47,Esther,157,5,2011,Pige
48,Merle,156,5,2011,Pige
49,Selma,155,5,2011,Pige
50,Liv,151,5,2011,Pige
1,Isabella,685,22,2010,Pige
2,Ida,635,21,2010,Pige
3,Anna,573,19,2010,Pige
4,Emma,559,18,2010,Pige
5,Mathilde,552,18,2010,Pige
6,Caroline,537,17,2010,Pige
7,Maja,531,17,2010,Pige
8,Freja,517,17,2010,Pige
9,Sofie,516,17,2010,Pige
10,Laura,466,15,2010,Pige
11,Lærke,465,15,2010,Pige
12,Sarah,422,14,2010,Pige
13,Josefine,419,14,2010,Pige
14,Sofia,394,13,2010,Pige
15,Alberte,392,13,2010,Pige
16,Clara,391,13,2010,Pige
17,Liva,372,12,2010,Pige
18,Victoria,372,12,2010,Pige
19,Julie,355,12,2010,Pige
20,Emilie,352,11,2010,Pige
21,Karla,334,11,2010,Pige
22,Olivia,333,11,2010,Pige
23,Frida,327,11,2010,Pige
24,Alma,307,10,2010,Pige
25,Marie,302,10,2010,Pige
26,Mille,288,9,2010,Pige
27,Amalie,272,9,2010,Pige
28,Nanna,266,9,2010,Pige
29,Ella,265,9,2010,Pige
30,Cecilie,257,8,2010,Pige
31,Malou,238,8,2010,Pige
32,Signe,235,8,2010,Pige
33,Nicoline,228,7,2010,Pige
34,Katrine,210,7,2010,Pige
35,Astrid,205,7,2010,Pige
36,Naja,203,7,2010,Pige
37,Tilde,198,6,2010,Pige
38,Frederikke,194,6,2010,Pige
39,Silje,192,6,2010,Pige
40,Celina,183,6,2010,Pige
41,Silke,182,6,2010,Pige
42,Johanne,176,6,2010,Pige
43,Andrea,174,6,2010,Pige
44,Filippa,172,6,2010,Pige
45,Luna,169,6,2010,Pige
46,Lea,166,5,2010,Pige
47,Thea,166,5,2010,Pige
48,Asta,165,5,2010,Pige
49,Selma,158,5,2010,Pige
50,Emily,155,5,2010,Pige
1,Freja,649,21,2009,Pige
2,Ida,628,21,2009,Pige
3,Emma,620,20,2009,Pige
4,Lærke,574,19,2009,Pige
5,Caroline,571,19,2009,Pige
6,Anna,563,19,2009,Pige
7,Isabella,560,18,2009,Pige
8,Sofie,554,18,2009,Pige
9,Mathilde,511,17,2009,Pige
10,Sara,502,17,2009,Pige
11,Laura,499,16,2009,Pige
12,Maja,499,16,2009,Pige
13,Clara,454,15,2009,Pige
14,Sofia,402,13,2009,Pige
15,Julie,400,13,2009,Pige
16,Victoria,382,13,2009,Pige
17,Frida,380,13,2009,Pige
18,Josefine,372,12,2009,Pige
19,Mille,366,12,2009,Pige
20,Emilie,354,12,2009,Pige
21,Liva,339,11,2009,Pige
22,Marie,315,10,2009,Pige
23,Alberte,314,10,2009,Pige
24,Amalie,312,10,2009,Pige
25,Cecilie,312,10,2009,Pige
26,Karla,305,10,2009,Pige
27,Signe,301,10,2009,Pige
28,Alma,298,10,2009,Pige
29,Nanna,290,10,2009,Pige
30,Nicoline,249,8,2009,Pige
31,Katrine,245,8,2009,Pige
32,Olivia,225,7,2009,Pige
33,Tilde,220,7,2009,Pige
34,Malou,216,7,2009,Pige
35,Astrid,197,6,2009,Pige
36,Ella,196,6,2009,Pige
37,Johanne,196,6,2009,Pige
38,Lea,194,6,2009,Pige
39,Naja,190,6,2009,Pige
40,Jasmin,188,6,2009,Pige
41,Andrea,183,6,2009,Pige
42,Frederikke,182,6,2009,Pige
43,Asta,177,6,2009,Pige
44,Celina,175,6,2009,Pige
45,Silje,173,6,2009,Pige
46,Thea,162,5,2009,Pige
47,Esther,155,5,2009,Pige
48,Maria,154,5,2009,Pige
49,Rosa,154,5,2009,Pige
50,Liv,151,5,2009,Pige
1,Emma,784,25,2008,Pige
2,Freja,735,23,2008,Pige
3,Ida,720,23,2008,Pige
4,Caroline,688,22,2008,Pige
5,Sofie,661,21,2008,Pige
6,Mathilde,632,20,2008,Pige
7,Anna,609,19,2008,Pige
8,Laura,554,17,2008,Pige
9,Lærke,517,16,2008,Pige
10,Sara,514,16,2008,Pige
11,Maja,505,16,2008,Pige
12,Julie,483,15,2008,Pige
13,Isabella,476,15,2008,Pige
14,Clara,463,15,2008,Pige
15,Victoria,432,14,2008,Pige
16,Emilie,418,13,2008,Pige
17,Josefine,413,13,2008,Pige
18,Alberte,412,13,2008,Pige
19,Sofia,393,12,2008,Pige
20,Cecilie,358,11,2008,Pige
21,Amalie,345,11,2008,Pige
22,Frida,342,11,2008,Pige
23,Marie,342,11,2008,Pige
24,Nanna,324,10,2008,Pige
25,Signe,321,10,2008,Pige
26,Nicoline,303,10,2008,Pige
27,Liva,282,9,2008,Pige
28,Mille,279,9,2008,Pige
29,Katrine,278,9,2008,Pige
30,Malou,275,9,2008,Pige
31,Karla,263,8,2008,Pige
32,Alma,241,8,2008,Pige
33,Olivia,233,7,2008,Pige
34,Tilde,216,7,2008,Pige
35,Frederikke,215,7,2008,Pige
36,Andrea,214,7,2008,Pige
37,Astrid,207,7,2008,Pige
38,Johanne,203,6,2008,Pige
39,Maria,192,6,2008,Pige
40,Ella,190,6,2008,Pige
41,Jasmin,189,6,2008,Pige
42,Asta,186,6,2008,Pige
43,Silje,186,6,2008,Pige
44,Lea,179,6,2008,Pige
45,Celina,177,6,2008,Pige
46,Naja,175,5,2008,Pige
47,Hannah,167,5,2008,Pige
48,Rebecca,163,5,2008,Pige
49,Thea,158,5,2008,Pige
50,Camilla,154,5,2008,Pige
1,Mathilde,756,24,2007,Pige
2,Emma,751,24,2007,Pige
3,Sofie,700,22,2007,Pige
4,Freja,688,22,2007,Pige
5,Laura,688,22,2007,Pige
6,Caroline,680,21,2007,Pige
7,Ida,649,20,2007,Pige
8,Anna,625,20,2007,Pige
9,Sara,555,18,2007,Pige
10,Julie,490,15,2007,Pige
11,Maja,490,15,2007,Pige
12,Victoria,471,15,2007,Pige
13,Clara,454,14,2007,Pige
14,Emilie,449,14,2007,Pige
15,Lærke,442,14,2007,Pige
16,Isabella,417,13,2007,Pige
17,Josefine,403,13,2007,Pige
18,Cecilie,394,12,2007,Pige
19,Amalie,387,12,2007,Pige
20,Alberte,366,12,2007,Pige
21,Marie,363,11,2007,Pige
22,Katrine,360,11,2007,Pige
23,Sofia,360,11,2007,Pige
24,Signe,355,11,2007,Pige
25,Frida,343,11,2007,Pige
26,Nanna,316,10,2007,Pige
27,Liva,268,8,2007,Pige
28,Frederikke,260,8,2007,Pige
29,Alma,244,8,2007,Pige
30,Nicoline,244,8,2007,Pige
31,Mille,241,8,2007,Pige
32,Malou,236,7,2007,Pige
33,Olivia,234,7,2007,Pige
34,Astrid,230,7,2007,Pige
35,Andrea,228,7,2007,Pige
36,Johanne,221,7,2007,Pige
37,Maria,217,7,2007,Pige
38,Jasmin,211,7,2007,Pige
39,Karla,211,7,2007,Pige
40,Filippa,186,6,2007,Pige
41,Rebecca,183,6,2007,Pige
42,Camilla,182,6,2007,Pige
43,Silje,182,6,2007,Pige
44,Tilde,177,6,2007,Pige
45,Lea,176,6,2007,Pige
46,Asta,169,5,2007,Pige
47,Naja,165,5,2007,Pige
48,Thea,162,5,2007,Pige
49,Mia,156,5,2007,Pige
50,Sille,156,5,2007,Pige
1,Laura,823,26,2006,Pige
2,Sofie,801,25,2006,Pige
3,Mathilde,768,24,2006,Pige
4,Emma,749,23,2006,Pige
5,Freja,738,23,2006,Pige
6,Caroline,718,22,2006,Pige
7,Ida,691,22,2006,Pige
8,Anna,645,20,2006,Pige
9,Sara,629,20,2006,Pige
10,Julie,601,19,2006,Pige
11,Maja,575,18,2006,Pige
12,Clara,503,16,2006,Pige
13,Cecilie,470,15,2006,Pige
14,Emilie,457,14,2006,Pige
15,Signe,457,14,2006,Pige
16,Victoria,424,13,2006,Pige
17,Amalie,408,13,2006,Pige
18,Isabella,407,13,2006,Pige
19,Josefine,407,13,2006,Pige
20,Lærke,401,13,2006,Pige
21,Katrine,385,12,2006,Pige
22,Marie,380,12,2006,Pige
23,Alberte,347,11,2006,Pige
24,Nanna,309,10,2006,Pige
25,Frida,305,10,2006,Pige
26,Sofia,293,9,2006,Pige
27,Andrea,285,9,2006,Pige
28,Liva,262,8,2006,Pige
29,Frederikke,260,8,2006,Pige
30,Mille,247,8,2006,Pige
31,Nicoline,236,7,2006,Pige
32,Johanne,231,7,2006,Pige
33,Maria,229,7,2006,Pige
34,Olivia,225,7,2006,Pige
35,Camilla,220,7,2006,Pige
36,Jasmin,216,7,2006,Pige
37,Astrid,211,7,2006,Pige
38,Alma,196,6,2006,Pige
39,Tilde,194,6,2006,Pige
40,Lea,192,6,2006,Pige
41,Anne,190,6,2006,Pige
42,Karla,187,6,2006,Pige
43,Mia,184,6,2006,Pige
44,Malou,177,6,2006,Pige
45,Filippa,171,5,2006,Pige
46,Liv,171,5,2006,Pige
47,Rebecca,164,5,2006,Pige
48,Silje,158,5,2006,Pige
49,Louise,155,5,2006,Pige
50,Asta,154,5,2006,Pige
1,Mathilde,868,27,2005,Pige
2,Laura,847,27,2005,Pige
3,Sofie,834,26,2005,Pige
4,Emma,828,26,2005,Pige
5,Caroline,748,24,2005,Pige
6,Freja,745,23,2005,Pige
7,Ida,698,22,2005,Pige
8,Sara,672,21,2005,Pige
9,Julie,641,20,2005,Pige
10,Anna,604,19,2005,Pige
11,Cecilie,500,16,2005,Pige
12,Josefine,490,15,2005,Pige
13,Maja,487,15,2005,Pige
14,Clara,446,14,2005,Pige
15,Katrine,444,14,2005,Pige
16,Amalie,439,14,2005,Pige
17,Signe,428,13,2005,Pige
18,Emilie,421,13,2005,Pige
19,Lærke,405,13,2005,Pige
20,Victoria,373,12,2005,Pige
21,Nanna,347,11,2005,Pige
22,Marie,331,10,2005,Pige
23,Alberte,315,10,2005,Pige
24,Isabella,314,10,2005,Pige
25,Frida,306,10,2005,Pige
26,Sofia,295,9,2005,Pige
27,Maria,293,9,2005,Pige
28,Mille,284,9,2005,Pige
29,Frederikke,268,8,2005,Pige
30,Nicoline,251,8,2005,Pige
31,Camilla,242,8,2005,Pige
32,Liva,240,8,2005,Pige
33,Jasmin,231,7,2005,Pige
34,Anne,227,7,2005,Pige
35,Andrea,218,7,2005,Pige
36,Astrid,197,6,2005,Pige
37,Thea,195,6,2005,Pige
38,Rebecca,186,6,2005,Pige
39,Olivia,181,6,2005,Pige
40,Lea,180,6,2005,Pige
41,Louise,178,6,2005,Pige
42,Johanne,175,6,2005,Pige
43,Line,173,5,2005,Pige
44,Alma,166,5,2005,Pige
45,Tilde,166,5,2005,Pige
46,Malou,165,5,2005,Pige
47,Mia,164,5,2005,Pige
48,Emily,161,5,2005,Pige
49,Sille,151,5,2005,Pige
50,Selma,149,5,2005,Pige
1,Mathilde,968,30,2004,Pige
2,Emma,915,29,2004,Pige
3,Laura,838,26,2004,Pige
4,Sofie,799,25,2004,Pige
5,Julie,754,24,2004,Pige
6,Ida,747,23,2004,Pige
7,Caroline,730,23,2004,Pige
8,Freja,687,22,2004,Pige
9,Sarah,679,21,2004,Pige
10,Anna,631,20,2004,Pige
11,Josefine,559,18,2004,Pige
12,Emilie,529,17,2004,Pige
13,Cecilie,525,17,2004,Pige
14,Katrine,482,15,2004,Pige
15,Amalie,432,14,2004,Pige
16,Clara,426,13,2004,Pige
17,Signe,421,13,2004,Pige
18,Maja,412,13,2004,Pige
19,Lærke,400,13,2004,Pige
20,Maria,382,12,2004,Pige
21,Marie,373,12,2004,Pige
22,Alberte,343,11,2004,Pige
23,Nanna,335,11,2004,Pige
24,Victoria,317,10,2004,Pige
25,Isabella,297,9,2004,Pige
26,Frida,285,9,2004,Pige
27,Frederikke,272,9,2004,Pige
28,Camilla,270,8,2004,Pige
29,Mille,259,8,2004,Pige
30,Anne,242,8,2004,Pige
31,Nicoline,238,7,2004,Pige
32,Sofia,227,7,2004,Pige
33,Jasmin,220,7,2004,Pige
34,Line,217,7,2004,Pige
35,Louise,211,7,2004,Pige
36,Liva,203,6,2004,Pige
37,Thea,191,6,2004,Pige
38,Astrid,190,6,2004,Pige
39,Olivia,187,6,2004,Pige
40,Rebecca,183,6,2004,Pige
41,Natasja,182,6,2004,Pige
42,Sille,179,6,2004,Pige
43,Lea,176,6,2004,Pige
44,Mia,175,6,2004,Pige
45,Johanne,173,5,2004,Pige
46,Andrea,156,5,2004,Pige
47,Christine,152,5,2004,Pige
48,Alma,147,5,2004,Pige
49,Emily,143,4,2004,Pige
50,Filippa,140,4,2004,Pige
1,Emma,1017,32,2003,Pige
2,Mathilde,910,29,2003,Pige
3,Julie,892,28,2003,Pige
4,Sofie,835,26,2003,Pige
5,Laura,822,26,2003,Pige
6,Caroline,774,24,2003,Pige
7,Ida,681,21,2003,Pige
8,Sarah,655,21,2003,Pige
9,Freja,626,20,2003,Pige
10,Cecilie,617,19,2003,Pige
11,Anna,607,19,2003,Pige
12,Josefine,548,17,2003,Pige
13,Emilie,531,17,2003,Pige
14,Amalie,480,15,2003,Pige
15,Katrine,453,14,2003,Pige
16,Clara,436,14,2003,Pige
17,Maja,426,13,2003,Pige
18,Signe,411,13,2003,Pige
19,Camilla,354,11,2003,Pige
20,Lærke,348,11,2003,Pige
21,Maria,348,11,2003,Pige
22,Marie,347,11,2003,Pige
23,Nanna,315,10,2003,Pige
24,Victoria,297,9,2003,Pige
25,Alberte,293,9,2003,Pige
26,Nicoline,285,9,2003,Pige
27,Isabella,274,9,2003,Pige
28,Louise,267,8,2003,Pige
29,Mille,252,8,2003,Pige
30,Jasmin,249,8,2003,Pige
31,Anne,241,8,2003,Pige
32,Frederikke,237,7,2003,Pige
33,Line,235,7,2003,Pige
34,Frida,222,7,2003,Pige
35,Sofia,221,7,2003,Pige
36,Natasja,209,7,2003,Pige
37,Mia,197,6,2003,Pige
38,Olivia,191,6,2003,Pige
39,Rebecca,189,6,2003,Pige
40,Thea,188,6,2003,Pige
41,Astrid,179,6,2003,Pige
42,Lea,174,5,2003,Pige
43,Sille,166,5,2003,Pige
44,Kristine,164,5,2003,Pige
45,Johanne,153,5,2003,Pige
46,Liva,143,5,2003,Pige
47,Amanda,136,4,2003,Pige
48,Emily,132,4,2003,Pige
49,Liv,128,4,2003,Pige
50,Tilde,127,4,2003,Pige
1,Sofie,976,31,2002,Pige
2,Emma,917,29,2002,Pige
3,Julie,885,28,2002,Pige
4,Laura,825,26,2002,Pige
5,Caroline,789,25,2002,Pige
6,Mathilde,770,25,2002,Pige
7,Sara,734,23,2002,Pige
8,Ida,698,22,2002,Pige
9,Cecilie,688,22,2002,Pige
10,Anna,583,19,2002,Pige
11,Freja,565,18,2002,Pige
12,Katrine,550,18,2002,Pige
13,Emilie,530,17,2002,Pige
14,Josefine,478,15,2002,Pige
15,Amalie,448,14,2002,Pige
16,Signe,437,14,2002,Pige
17,Maja,431,14,2002,Pige
18,Camilla,410,13,2002,Pige
19,Clara,401,13,2002,Pige
20,Maria,393,13,2002,Pige
21,Marie,389,12,2002,Pige
22,Lærke,375,12,2002,Pige
23,Nanna,332,11,2002,Pige
24,Louise,307,10,2002,Pige
25,Nicoline,298,9,2002,Pige
26,Victoria,277,9,2002,Pige
27,Alberte,261,8,2002,Pige
28,Line,258,8,2002,Pige
29,Frederikke,249,8,2002,Pige
30,Isabella,246,8,2002,Pige
31,Natasja,243,8,2002,Pige
32,Anne,236,8,2002,Pige
33,Jasmin,218,7,2002,Pige
34,Mille,213,7,2002,Pige
35,Rebecca,199,6,2002,Pige
36,Astrid,195,6,2002,Pige
37,Sofia,195,6,2002,Pige
38,Thea,186,6,2002,Pige
39,Frida,181,6,2002,Pige
40,Mia,179,6,2002,Pige
41,Johanne,164,5,2002,Pige
42,Amanda,161,5,2002,Pige
43,Kristine,161,5,2002,Pige
44,Sille,155,5,2002,Pige
45,Lea,150,5,2002,Pige
46,Rikke,149,5,2002,Pige
47,Olivia,145,5,2002,Pige
48,Michelle,141,4,2002,Pige
49,Stine,139,4,2002,Pige
50,Mette,135,4,2002,Pige
1,Emma,901,28,2001,Pige
2,Sofie,895,28,2001,Pige
3,Julie,891,28,2001,Pige
4,Sarah,847,26,2001,Pige
5,Caroline,803,25,2001,Pige
6,Mathilde,737,23,2001,Pige
7,Cecilie,712,22,2001,Pige
8,Laura,709,22,2001,Pige
9,Emilie,613,19,2001,Pige
10,Freja,596,19,2001,Pige
11,Katrine,594,18,2001,Pige
12,Anna,588,18,2001,Pige
13,Ida,574,18,2001,Pige
14,Signe,493,15,2001,Pige
15,Amalie,481,15,2001,Pige
16,Josefine,478,15,2001,Pige
17,Maria,452,14,2001,Pige
18,Camilla,448,14,2001,Pige
19,Maja,413,13,2001,Pige
20,Lærke,399,12,2001,Pige
21,Line,378,12,2001,Pige
22,Louise,377,12,2001,Pige
23,Clara,375,12,2001,Pige
24,Nanna,352,11,2001,Pige
25,Marie,338,10,2001,Pige
26,Nicoline,314,10,2001,Pige
27,Natasja,306,9,2001,Pige
28,Victoria,295,9,2001,Pige
29,Anne,284,9,2001,Pige
30,Alberte,248,8,2001,Pige
31,Frederikke,239,7,2001,Pige
32,Isabella,225,7,2001,Pige
33,Rebecca,224,7,2001,Pige
34,Mia,199,6,2001,Pige
35,Kristine,194,6,2001,Pige
36,Sille,178,6,2001,Pige
37,Mie,177,5,2001,Pige
38,Rikke,177,5,2001,Pige
39,Frida,176,5,2001,Pige
40,Michelle,174,5,2001,Pige
41,Mille,174,5,2001,Pige
42,Jasmin,172,5,2001,Pige
43,Mette,171,5,2001,Pige
44,Simone,169,5,2001,Pige
45,Johanne,167,5,2001,Pige
46,Astrid,163,5,2001,Pige
47,Andrea,160,5,2001,Pige
48,Stine,160,5,2001,Pige
49,Pernille,159,5,2001,Pige
50,Olivia,158,5,2001,Pige
1,Julie,960,29,2000,Pige
2,Sofie,941,29,2000,Pige
3,Sara,898,27,2000,Pige
4,Cecilie,874,27,2000,Pige
5,Emma,866,26,2000,Pige
6,Caroline,794,24,2000,Pige
7,Laura,779,24,2000,Pige
8,Mathilde,698,21,2000,Pige
9,Katrine,670,20,2000,Pige
10,Anna,635,19,2000,Pige
11,Emilie,627,19,2000,Pige
12,Ida,568,17,2000,Pige
13,Freja,538,16,2000,Pige
14,Maria,527,16,2000,Pige
15,Amalie,522,16,2000,Pige
16,Camilla,473,14,2000,Pige
17,Louise,439,13,2000,Pige
18,Signe,429,13,2000,Pige
19,Maja,421,13,2000,Pige
20,Josefine,420,13,2000,Pige
21,Line,411,12,2000,Pige
22,Nanna,396,12,2000,Pige
23,Anne,346,10,2000,Pige
24,Nicoline,334,10,2000,Pige
25,Clara,324,10,2000,Pige
26,Victoria,317,10,2000,Pige
27,Marie,299,9,2000,Pige
28,Natasja,294,9,2000,Pige
29,Lærke,267,8,2000,Pige
30,Alberte,266,8,2000,Pige
31,Frederikke,235,7,2000,Pige
32,Rebecca,231,7,2000,Pige
33,Mette,227,7,2000,Pige
34,Rikke,219,7,2000,Pige
35,Amanda,217,7,2000,Pige
36,Mia,214,6,2000,Pige
37,Kristine,202,6,2000,Pige
38,Johanne,200,6,2000,Pige
39,Stine,197,6,2000,Pige
40,Simone,196,6,2000,Pige
41,Isabella,195,6,2000,Pige
42,Jasmin,194,6,2000,Pige
43,Michelle,194,6,2000,Pige
44,Pernille,194,6,2000,Pige
45,Christina,191,6,2000,Pige
46,Astrid,178,5,2000,Pige
47,Sille,174,5,2000,Pige
48,Thea,173,5,2000,Pige
49,Mie,172,5,2000,Pige
50,Nadia,154,5,2000,Pige
1,Emma,1009,31,1999,Pige
2,Julie,938,29,1999,Pige
3,Sarah,892,27,1999,Pige
4,Sofie,888,27,1999,Pige
5,Cecilie,827,25,1999,Pige
6,Caroline,744,23,1999,Pige
7,Laura,737,23,1999,Pige
8,Katrine,704,22,1999,Pige
9,Emilie,685,21,1999,Pige
10,Camilla,630,19,1999,Pige
11,Amalie,593,18,1999,Pige
12,Maria,573,18,1999,Pige
13,Anna,565,17,1999,Pige
14,Ida,549,17,1999,Pige
15,Mathilde,521,16,1999,Pige
16,Freja,481,15,1999,Pige
17,Louise,462,14,1999,Pige
18,Josefine,440,13,1999,Pige
19,Maja,410,13,1999,Pige
20,Line,409,13,1999,Pige
21,Anne,404,12,1999,Pige
22,Nanna,394,12,1999,Pige
23,Signe,389,12,1999,Pige
24,Marie,324,10,1999,Pige
25,Nicoline,310,9,1999,Pige
26,Clara,305,9,1999,Pige
27,Simone,280,9,1999,Pige
28,Rikke,266,8,1999,Pige
29,Mette,265,8,1999,Pige
30,Stine,262,8,1999,Pige
31,Natasja,253,8,1999,Pige
32,Frederikke,240,7,1999,Pige
33,Victoria,234,7,1999,Pige
34,Christina,233,7,1999,Pige
35,Michelle,231,7,1999,Pige
36,Amanda,230,7,1999,Pige
37,Rebecca,224,7,1999,Pige
38,Kristine,207,6,1999,Pige
39,Lærke,206,6,1999,Pige
40,Alberte,202,6,1999,Pige
41,Johanne,195,6,1999,Pige
42,Pernille,195,6,1999,Pige
43,Mia,188,6,1999,Pige
44,Thea,186,6,1999,Pige
45,Astrid,184,6,1999,Pige
46,Nadia,178,5,1999,Pige
47,Isabella,176,5,1999,Pige
48,Mie,165,5,1999,Pige
49,Jasmin,155,5,1999,Pige
50,Trine,153,5,1999,Pige
1,Emma,1047,33,1998,Pige
2,Cecilie,1021,32,1998,Pige
3,Sofie,931,29,1998,Pige
4,Sarah,845,26,1998,Pige
5,Julie,829,26,1998,Pige
6,Katrine,732,23,1998,Pige
7,Caroline,700,22,1998,Pige
8,Camilla,686,21,1998,Pige
9,Laura,651,20,1998,Pige
10,Emilie,615,19,1998,Pige
11,Maria,603,19,1998,Pige
12,Ida,530,17,1998,Pige
13,Mathilde,523,16,1998,Pige
14,Amalie,500,16,1998,Pige
15,Louise,497,15,1998,Pige
16,Anna,476,15,1998,Pige
17,Line,469,15,1998,Pige
18,Josefine,449,14,1998,Pige
19,Anne,443,14,1998,Pige
20,Signe,439,14,1998,Pige
21,Nanna,385,12,1998,Pige
22,Maja,375,12,1998,Pige
23,Rikke,352,11,1998,Pige
24,Simone,325,10,1998,Pige
25,Mette,308,10,1998,Pige
26,Frederikke,307,10,1998,Pige
27,Pernille,301,9,1998,Pige
28,Freja,296,9,1998,Pige
29,Christina,293,9,1998,Pige
30,Marie,292,9,1998,Pige
31,Stine,274,9,1998,Pige
32,Nicoline,262,8,1998,Pige
33,Natasja,256,8,1998,Pige
34,Clara,239,7,1998,Pige
35,Amanda,237,7,1998,Pige
36,Michelle,229,7,1998,Pige
37,Lærke,218,7,1998,Pige
38,Mia,210,7,1998,Pige
39,Rebecca,204,6,1998,Pige
40,Kristine,198,6,1998,Pige
41,Trine,194,6,1998,Pige
42,Nadia,175,5,1998,Pige
43,Astrid,173,5,1998,Pige
44,Mie,169,5,1998,Pige
45,Victoria,165,5,1998,Pige
46,Ditte,162,5,1998,Pige
47,Isabella,161,5,1998,Pige
48,Johanne,161,5,1998,Pige
49,Jasmin,155,5,1998,Pige
50,Malene,152,5,1998,Pige
1,Cecilie,969,29,1997,Pige
2,Emma,934,28,1997,Pige
3,Sarah,889,27,1997,Pige
4,Sofie,873,27,1997,Pige
5,Julie,853,26,1997,Pige
6,Katrine,776,24,1997,Pige
7,Camilla,762,23,1997,Pige
8,Emilie,686,21,1997,Pige
9,Maria,669,20,1997,Pige
10,Caroline,640,19,1997,Pige
11,Louise,590,18,1997,Pige
12,Laura,565,17,1997,Pige
13,Ida,546,17,1997,Pige
14,Line,544,17,1997,Pige
15,Anna,520,16,1997,Pige
16,Signe,480,15,1997,Pige
17,Mathilde,476,14,1997,Pige
18,Anne,464,14,1997,Pige
19,Nanna,450,14,1997,Pige
20,Rikke,429,13,1997,Pige
21,Amalie,412,13,1997,Pige
22,Simone,408,12,1997,Pige
23,Mette,380,12,1997,Pige
24,Maja,371,11,1997,Pige
25,Josefine,367,11,1997,Pige
26,Pernille,349,11,1997,Pige
27,Frederikke,326,10,1997,Pige
28,Christina,318,10,1997,Pige
29,Marie,289,9,1997,Pige
30,Michelle,288,9,1997,Pige
31,Stine,288,9,1997,Pige
32,Amanda,265,8,1997,Pige
33,Freja,242,7,1997,Pige
34,Natasja,241,7,1997,Pige
35,Christine,228,7,1997,Pige
36,Trine,227,7,1997,Pige
37,Mia,225,7,1997,Pige
38,Clara,218,7,1997,Pige
39,Nicoline,217,7,1997,Pige
40,Malene,214,7,1997,Pige
41,Ditte,191,6,1997,Pige
42,Mie,191,6,1997,Pige
43,Sandra,182,6,1997,Pige
44,Johanne,181,6,1997,Pige
45,Rebecca,181,6,1997,Pige
46,Isabella,179,5,1997,Pige
47,Astrid,175,5,1997,Pige
48,Lærke,170,5,1997,Pige
49,Thea,160,5,1997,Pige
50,Nadia,153,5,1997,Pige
1,Camilla,992,30,1996,Pige
2,Julie,923,28,1996,Pige
3,Emma,835,25,1996,Pige
4,Sara,832,25,1996,Pige
5,Katrine,805,24,1996,Pige
6,Sofie,762,23,1996,Pige
7,Cecilie,752,23,1996,Pige
8,Maria,700,21,1996,Pige
9,Caroline,668,20,1996,Pige
10,Louise,655,20,1996,Pige
11,Line,646,20,1996,Pige
12,Laura,526,16,1996,Pige
13,Emilie,523,16,1996,Pige
14,Nanna,511,15,1996,Pige
15,Anna,510,15,1996,Pige
16,Anne,491,15,1996,Pige
17,Ida,479,14,1996,Pige
18,Rikke,450,14,1996,Pige
19,Mathilde,444,13,1996,Pige
20,Simone,442,13,1996,Pige
21,Mette,440,13,1996,Pige
22,Signe,439,13,1996,Pige
23,Christina,424,13,1996,Pige
24,Josefine,417,13,1996,Pige
25,Amalie,399,12,1996,Pige
26,Pernille,371,11,1996,Pige
27,Maja,335,10,1996,Pige
28,Amanda,328,10,1996,Pige
29,Michelle,327,10,1996,Pige
30,Frederikke,313,9,1996,Pige
31,Stine,299,9,1996,Pige
32,Marie,288,9,1996,Pige
33,Trine,262,8,1996,Pige
34,Malene,261,8,1996,Pige
35,Natasja,246,7,1996,Pige
36,Mie,239,7,1996,Pige
37,Mia,233,7,1996,Pige
38,Christine,227,7,1996,Pige
39,Clara,199,6,1996,Pige
40,Ditte,199,6,1996,Pige
41,Freja,197,6,1996,Pige
42,Nadia,190,6,1996,Pige
43,Rebecca,184,6,1996,Pige
44,Sandra,174,5,1996,Pige
45,Lærke,161,5,1996,Pige
46,Astrid,160,5,1996,Pige
47,Nicoline,159,5,1996,Pige
48,Nina,159,5,1996,Pige
49,Helena,158,5,1996,Pige
50,Isabella,152,5,1996,Pige
1,Camilla,1012,30,1995,Pige
2,Julie,905,27,1995,Pige
3,Katrine,851,25,1995,Pige
4,Sara,814,24,1995,Pige
5,Cecilie,796,23,1995,Pige
6,Sofie,771,23,1995,Pige
7,Maria,750,22,1995,Pige
8,Louise,733,22,1995,Pige
9,Emma,708,21,1995,Pige
10,Line,619,18,1995,Pige
11,Caroline,597,18,1995,Pige
12,Nanna,592,17,1995,Pige
13,Anne,570,17,1995,Pige
14,Emilie,540,16,1995,Pige
15,Rikke,534,16,1995,Pige
16,Ida,499,15,1995,Pige
17,Anna,494,15,1995,Pige
18,Pernille,493,15,1995,Pige
19,Mette,491,14,1995,Pige
20,Christina,477,14,1995,Pige
21,Signe,477,14,1995,Pige
22,Amalie,469,14,1995,Pige
23,Simone,454,13,1995,Pige
24,Josefine,417,12,1995,Pige
25,Laura,416,12,1995,Pige
26,Mathilde,403,12,1995,Pige
27,Michelle,391,12,1995,Pige
28,Frederikke,357,11,1995,Pige
29,Marie,350,10,1995,Pige
30,Stine,333,10,1995,Pige
31,Amanda,311,9,1995,Pige
32,Maja,290,9,1995,Pige
33,Trine,284,8,1995,Pige
34,Malene,271,8,1995,Pige
35,Mia,259,8,1995,Pige
36,Natasja,254,7,1995,Pige
37,Christine,230,7,1995,Pige
38,Mie,222,7,1995,Pige
39,Ditte,220,6,1995,Pige
40,Nadia,216,6,1995,Pige
41,Helena,209,6,1995,Pige
42,Freja,208,6,1995,Pige
43,Nina,205,6,1995,Pige
44,Charlotte,203,6,1995,Pige
45,Astrid,200,6,1995,Pige
46,Sandra,197,6,1995,Pige
47,Helene,187,6,1995,Pige
48,Nicoline,187,6,1995,Pige
49,Clara,176,5,1995,Pige
50,Rebecca,163,5,1995,Pige
1,Camilla,1206,37,1994,Pige
2,Katrine,915,28,1994,Pige
3,Julie,881,27,1994,Pige
4,Louise,829,26,1994,Pige
5,Cecilie,794,25,1994,Pige
6,Sofie,783,24,1994,Pige
7,Maria,691,21,1994,Pige
8,Line,683,21,1994,Pige
9,Sarah,643,20,1994,Pige
10,Nanna,614,19,1994,Pige
11,Rikke,577,18,1994,Pige
12,Anne,561,17,1994,Pige
13,Mette,556,17,1994,Pige
14,Christina,542,17,1994,Pige
15,Pernille,528,16,1994,Pige
16,Caroline,497,15,1994,Pige
17,Michelle,494,15,1994,Pige
18,Josefine,483,15,1994,Pige
19,Amalie,469,15,1994,Pige
20,Emilie,467,14,1994,Pige
21,Anna,465,14,1994,Pige
22,Simone,460,14,1994,Pige
23,Emma,459,14,1994,Pige
24,Ida,417,13,1994,Pige
25,Signe,377,12,1994,Pige
26,Laura,365,11,1994,Pige
27,Mathilde,361,11,1994,Pige
28,Stine,335,10,1994,Pige
29,Marie,334,10,1994,Pige
30,Amanda,319,10,1994,Pige
31,Malene,312,10,1994,Pige
32,Christine,298,9,1994,Pige
33,Trine,295,9,1994,Pige
34,Mia,293,9,1994,Pige
35,Maja,287,9,1994,Pige
36,Mie,249,8,1994,Pige
37,Nadia,236,7,1994,Pige
38,Charlotte,235,7,1994,Pige
39,Natascha,231,7,1994,Pige
40,Ditte,221,7,1994,Pige
41,Nina,221,7,1994,Pige
42,Frederikke,214,7,1994,Pige
43,Stephanie,204,6,1994,Pige
44,Astrid,163,5,1994,Pige
45,Sandra,161,5,1994,Pige
46,Isabella,160,5,1994,Pige
47,Helene,157,5,1994,Pige
48,Lærke,154,5,1994,Pige
49,Karina,153,5,1994,Pige
50,Nicoline,150,5,1994,Pige
1,Camilla,1257,38,1993,Pige
2,Katrine,881,27,1993,Pige
3,Louise,841,26,1993,Pige
4,Line,789,24,1993,Pige
5,Maria,754,23,1993,Pige
6,Julie,749,23,1993,Pige
7,Cecilie,673,21,1993,Pige
8,Anne,641,20,1993,Pige
9,Sofie,631,19,1993,Pige
10,Christina,628,19,1993,Pige
11,Mette,626,19,1993,Pige
12,Sara,625,19,1993,Pige
13,Pernille,612,19,1993,Pige
14,Nanna,559,17,1993,Pige
15,Michelle,514,16,1993,Pige
16,Rikke,491,15,1993,Pige
17,Simone,474,14,1993,Pige
18,Josefine,416,13,1993,Pige
19,Anna,388,12,1993,Pige
20,Ida,375,11,1993,Pige
21,Amaile,371,11,1993,Pige
22,Caroline,358,11,1993,Pige
23,Stine,347,11,1993,Pige
24,Signe,333,10,1993,Pige
25,Mathilde,332,10,1993,Pige
26,Emilie,328,10,1993,Pige
27,Malene,326,10,1993,Pige
28,Marie,311,9,1993,Pige
29,Mia,310,9,1993,Pige
30,Trine,303,9,1993,Pige
31,Christine,279,9,1993,Pige
32,Mie,276,8,1993,Pige
33,Natascha,276,8,1993,Pige
34,Maja,274,8,1993,Pige
35,Charlotte,260,8,1993,Pige
36,Laura,256,8,1993,Pige
37,Emma,249,8,1993,Pige
38,Amanda,230,7,1993,Pige
39,Ditte,219,7,1993,Pige
40,Sandra,211,6,1993,Pige
41,Nadia,198,6,1993,Pige
42,Karina,197,6,1993,Pige
43,Nina,190,6,1993,Pige
44,Stephanie,172,5,1993,Pige
45,Anja,158,5,1993,Pige
46,Helene,157,5,1993,Pige
47,Isabella,150,5,1993,Pige
48,Katja,145,4,1993,Pige
49,Sabrina,145,4,1993,Pige
50,Nicoline,142,4,1993,Pige
1,Camilla,1408,45,1992,Pige
2,Louise,950,30,1992,Pige
3,Line,871,28,1992,Pige
4,Maria,844,27,1992,Pige
5,Julie,838,27,1992,Pige
6,Katrine,835,27,1992,Pige
7,Christina,709,23,1992,Pige
8,Pernille,649,21,1992,Pige
9,Mette,647,21,1992,Pige
10,Cecilie,641,21,1992,Pige
11,Anne,635,20,1992,Pige
12,Sofie,629,20,1992,Pige
13,Nanna,596,19,1992,Pige
14,Sarah,590,19,1992,Pige
15,Michelle,534,17,1992,Pige
16,Rikke,511,16,1992,Pige
17,Simone,442,14,1992,Pige
18,Anna,380,12,1992,Pige
19,Trine,366,12,1992,Pige
20,Mia,360,12,1992,Pige
21,Stine,360,12,1992,Pige
22,Josefine,359,11,1992,Pige
23,Malene,357,11,1992,Pige
24,Marie,345,11,1992,Pige
25,Ida,332,11,1992,Pige
1,Camilla,1412,47,1991,Pige
2,Louise,941,31,1991,Pige
3,Line,859,29,1991,Pige
4,Maria,802,27,1991,Pige
5,Katrine,713,24,1991,Pige
6,Christina,699,23,1991,Pige
7,Julie,669,22,1991,Pige
8,Mette,629,21,1991,Pige
9,Anne,614,21,1991,Pige
10,Pernille,596,20,1991,Pige
11,Sarah,565,19,1991,Pige
12,Cecilie,563,19,1991,Pige
13,Sofie,551,18,1991,Pige
14,Nanna,537,18,1991,Pige
15,Rikke,512,17,1991,Pige
16,Michelle,476,16,1991,Pige
17,Stine,421,14,1991,Pige
18,Simone,383,13,1991,Pige
19,Mia,368,12,1991,Pige
20,Trine,345,12,1991,Pige
21,Malene,338,11,1991,Pige
22,Charlotte,330,11,1991,Pige
23,Signe,329,11,1991,Pige
24,Ida,326,11,1991,Pige
25,Marie,324,11,1991,Pige
1,Camilla,1366,46,1990,Pige
2,Louise,998,34,1990,Pige
3,Maria,793,27,1990,Pige
4,Line,751,25,1990,Pige
5,Christina,744,25,1990,Pige
6,Mette,727,24,1990,Pige
7,Anne,724,24,1990,Pige
8,Katrine,709,24,1990,Pige
9,Sarah,622,21,1990,Pige
10,Pernille,593,20,1990,Pige
11,Julie,540,18,1990,Pige
12,Nanna,514,17,1990,Pige
13,Sofie,486,16,1990,Pige
14,Rikke,476,16,1990,Pige
15,Cecilie,469,16,1990,Pige
16,Michelle,421,14,1990,Pige
17,Stine,394,13,1990,Pige
18,Carina,389,13,1990,Pige
19,Trine,388,13,1990,Pige
20,Simone,364,12,1990,Pige
21,Malene,351,12,1990,Pige
22,Anna,344,12,1990,Pige
23,Mia,331,11,1990,Pige
24,Signe,327,11,1990,Pige
25,Marie,326,11,1990,Pige
1,Camilla,1253,44,1989,Pige
2,Louise,899,31,1989,Pige
3,Christina,881,31,1989,Pige
4,Maria,789,27,1989,Pige
5,Mette,757,26,1989,Pige
6,Katrine,743,26,1989,Pige
7,Anne,696,24,1989,Pige
8,Line,613,21,1989,Pige
9,Pernille,581,20,1989,Pige
10,Sara,528,18,1989,Pige
11,Julie,503,17,1989,Pige
12,Nanna,501,17,1989,Pige
13,Rikke,491,17,1989,Pige
14,Carina,478,17,1989,Pige
15,Stine,419,15,1989,Pige
16,Cecilie,411,14,1989,Pige
17,Sofie,399,14,1989,Pige
18,Trine,396,14,1989,Pige
19,Michelle,373,13,1989,Pige
20,Malene,356,12,1989,Pige
21,Anna,350,12,1989,Pige
22,Charlotte,349,12,1989,Pige
23,Marie,340,12,1989,Pige
24,Mia,326,11,1989,Pige
25,Signe,308,11,1989,Pige
1,Camilla,1167,42,1988,Pige
2,Christina,934,34,1988,Pige
3,Louise,900,33,1988,Pige
4,Mette,765,28,1988,Pige
5,Maria,744,27,1988,Pige
6,Anne,722,26,1988,Pige
7,Katrine,654,24,1988,Pige
8,Sara,537,19,1988,Pige
9,Pernille,511,19,1988,Pige
10,Line,509,18,1988,Pige
11,Julie,480,17,1988,Pige
12,Karina,455,17,1988,Pige
13,Stine,428,16,1988,Pige
14,Rikke,417,15,1988,Pige
15,Trine,397,14,1988,Pige
16,Charlotte,396,14,1988,Pige
17,Michelle,366,13,1988,Pige
18,Marie,363,13,1988,Pige
19,Malene,325,12,1988,Pige
20,Cecilie,315,11,1988,Pige
21,Sofie,308,11,1988,Pige
22,Signe,287,10,1988,Pige
23,Ditte,285,10,1988,Pige
24,Nanna,282,10,1988,Pige
25,Mia,277,10,1988,Pige
1,Camilla,960,36,1987,Pige
2,Christina,905,34,1987,Pige
3,Louise,851,32,1987,Pige
4,Mette,810,31,1987,Pige
5,Maria,696,26,1987,Pige
6,Anne,690,26,1987,Pige
7,Katrine,633,24,1987,Pige
8,Pernille,518,20,1987,Pige
9,Sara,498,19,1987,Pige
10,Line,451,17,1987,Pige
11,Karina,427,16,1987,Pige
12,Julie,421,16,1987,Pige
13,Stine,412,16,1987,Pige
14,Rikke,372,14,1987,Pige
15,Charlotte,355,13,1987,Pige
16,Trine,354,13,1987,Pige
17,Marie,330,13,1987,Pige
18,Mia,327,12,1987,Pige
19,Ditte,307,12,1987,Pige
20,Malene,302,11,1987,Pige
21,Sofie,300,11,1987,Pige
22,Cecilie,299,11,1987,Pige
23,Signe,293,11,1987,Pige
24,Michelle,292,11,1987,Pige
25,Janni,286,11,1987,Pige
1,Camilla,960,36,1986,Pige
2,Christina,905,34,1986,Pige
3,Louise,851,32,1986,Pige
4,Mette,810,31,1986,Pige
5,Maria,696,26,1986,Pige
6,Anne,690,26,1986,Pige
7,Katrine,633,24,1986,Pige
8,Pernille,518,20,1986,Pige
9,Sara,498,19,1986,Pige
10,Line,451,17,1986,Pige
11,Karina,427,16,1986,Pige
12,Julie,421,16,1986,Pige
13,Stine,412,16,1986,Pige
14,Rikke,372,14,1986,Pige
15,Charlotte,355,13,1986,Pige
16,Trine,354,13,1986,Pige
17,Marie,330,13,1986,Pige
18,Mia,327,12,1986,Pige
19,Ditte,307,12,1986,Pige
20,Malene,302,11,1986,Pige
21,Sofie,300,11,1986,Pige
22,Cecilie,299,11,1986,Pige
23,Signe,293,11,1986,Pige
24,Michelle,292,11,1986,Pige
25,Janni,286,11,1986,Pige
1,Louise,932,36,1985,Pige
2,Mette,897,35,1985,Pige
3,Maria,869,34,1985,Pige
4,Camilla,845,33,1985,Pige
5,Christina,792,31,1985,Pige
6,Anne,682,26,1985,Pige
7,Line,482,19,1985,Pige
8,Pernille,476,18,1985,Pige
9,Stine,457,18,1985,Pige
10,Sara,442,17,1985,Pige
11,Karina,437,17,1985,Pige
12,Katrine,432,17,1985,Pige
13,Marie,358,14,1985,Pige
14,Rikke,355,14,1985,Pige
15,Julie,353,14,1985,Pige
16,Trine,352,14,1985,Pige
17,Tina,348,13,1985,Pige
18,Charlotte,326,13,1985,Pige
19,Ditte,324,13,1985,Pige
20,Helle,307,12,1985,Pige
21,Signe,303,12,1985,Pige
22,Heidi,298,12,1985,Pige
23,Malene,296,11,1985,Pige
24,Mia,271,11,1985,Pige
25,Janni,265,10,1985,Pige
